{
    "0": {
        "precision": 0.9837728194726166,
        "recall": 0.9897959183673469,
        "f1-score": 0.9867751780264497,
        "support": 980.0
    },
    "1": {
        "precision": 0.9946476360392507,
        "recall": 0.9823788546255506,
        "f1-score": 0.9884751773049646,
        "support": 1135.0
    },
    "2": {
        "precision": 0.9873294346978557,
        "recall": 0.9815891472868217,
        "f1-score": 0.9844509232264335,
        "support": 1032.0
    },
    "3": {
        "precision": 0.9714847590953786,
        "recall": 0.9782178217821782,
        "f1-score": 0.9748396645288604,
        "support": 1010.0
    },
    "4": {
        "precision": 0.9814814814814815,
        "recall": 0.9714867617107943,
        "f1-score": 0.9764585465711362,
        "support": 982.0
    },
    "5": {
        "precision": 0.975609756097561,
        "recall": 0.9865470852017937,
        "f1-score": 0.9810479375696767,
        "support": 892.0
    },
    "6": {
        "precision": 0.9873551106427819,
        "recall": 0.9780793319415448,
        "f1-score": 0.9826953329837441,
        "support": 958.0
    },
    "7": {
        "precision": 0.9547169811320755,
        "recall": 0.9844357976653697,
        "f1-score": 0.9693486590038314,
        "support": 1028.0
    },
    "8": {
        "precision": 0.9628514056224899,
        "recall": 0.9845995893223819,
        "f1-score": 0.9736040609137055,
        "support": 974.0
    },
    "9": {
        "precision": 0.9824922760041195,
        "recall": 0.9454905847373637,
        "f1-score": 0.9636363636363636,
        "support": 1009.0
    },
    "accuracy": 0.9782,
    "macro avg": {
        "precision": 0.9781741660285611,
        "recall": 0.9782620892641146,
        "f1-score": 0.9781331843765166,
        "support": 10000.0
    },
    "weighted avg": {
        "precision": 0.9783691958700094,
        "recall": 0.9782,
        "f1-score": 0.9781989464389297,
        "support": 10000.0
    }
}